{
  "full_10yr": {
    "female_total_cvd": [0.7716794, 0.0062109, -0.1547756, -0.1933123, 0.3071217, 0.496753, 0.466605, 0, 0, 0.4780697, 0.0529077, 0.3034892, -0.1556524, -0.0667026, 0.1061825, -0.0742271, 0.0288245, -0.0875188, -0.2267102, -0.0676125, 0, -0.1493231, 0.1361989, 0.2261596, 0.1804508, 0.1645922, 0.0198413, 0.1298513, 0.1412555, -0.0031658, -3.860385],
    "male_total_cvd": [0.7847578, 0.0534485, -0.0911282, -0.4921973, 0.2972415, 0.4527054, 0.3726641, 0, 0, 0.3886854, 0.0081661, 0.2508052, -0.1538484, -0.0474695, 0.1415382, -0.0436455, 0.0199549, -0.1022686, -0.1762507, -0.0715873, 0, -0.1428668, 0.0802431, 0.275073, 0.144759, 0.1772853, 0.1095674, 0.1165698, 0.1048297, -0.0230072, -3.631387],
    "female_ascvd": [0.7023067, 0.0898765, -0.1407316, -0.0256648, 0.314511, 0.4799217, 0.4062049, 0, 0, 0.3847744, 0.0495174, 0.2133861, -0.0678552, -0.0451416, 0.0788187, -0.0535985, 0.0291762, -0.0961839, -0.2001466, -0.0586472, 0, -0.1537791, 0.1413965, 0.228136, 0.1588908, 0.1371824, 0.0061613, 0.123192, 0.1410572, 0.005866, -4.291503],
    "male_ascvd": [0.7128741, 0.1465201, -0.1125794, -0.3387216, 0.2980252, 0.399583, 0.3379111, 0, 0, 0.2582604, 0.0147769, 0.1686621, -0.1073619, -0.0381038, 0.1034169, -0.0228755, 0.0267453, -0.0897449, -0.1497464, -0.077206, 0, -0.1198368, 0.0651121, 0.2676683, 0.1388492, 0.1375837, 0.0652944, 0.101282, 0.1092726, -0.0112852, -3.969788],
    "female_heart_failure": [0.884209, 0, 0, -0.421474, 0.3002919, 0.6170359, 0.5380269, -0.0191335, 0.2764302, 0.5975847, 0.0654197, 0.3313614, 0, -0.1002304, 0, 0, 0, -0.0845363, -0.2989062, -0.1111354, 0.0008104, -0.1666635, 0.1213034, 0.2314147, 0.1819138, 0.1948135, 0.0395368, 0.176668, 0.1614911, -0.0010583, -4.896524],
    "male_heart_failure": [0.9095703, 0, 0, -0.6765184, 0.3111651, 0.5535052, 0.4326811, -0.0854286, 0.3551736, 0.5102245, 0.015472, 0.2570964, 0, -0.0591177, 0, 0, 0, -0.1219056, -0.2437577, -0.105363, 0.0037907, -0.1660207, 0.1106372, 0.3371204, 0.1694628, 0.2164607, 0.1702805, 0.148297, 0.1234088, -0.0234637, -4.663513],
    "female_chd": [0.7544208, 0.1403589, -0.1954699, -0.0021814, 0.3127753, 0.523075, 0.4594228, 0, 0, 0.4173237, 0.0385169, 0.198164, -0.0557405, -0.0940465, 0.0844888, -0.0630114, 0.0473455, -0.0801956, -0.2002523, -0.0484742, 0, -0.1455343, 0.1651771, 0.2276, 0.1602508, 0.1406282, 0.032372, 0.1656628, 0.1586376, 0.0266703, -5.131505],
    "male_chd": [0.7335852, 0.2403104, -0.1822238, -0.414886, 0.2880084, 0.4937277, 0.3326075, 0, 0, 0.2586836, 0.0124978, 0.1132755, -0.0823542, -0.0718794, 0.0765924, -0.0489011, 0.0531464, -0.0813293, -0.1679294, -0.0927969, 0, -0.0677064, 0.0705264, 0.2306082, 0.094206, 0.1354182, 0.0759494, 0.116195, 0.0991112, 0.0213677, -4.629874],
    "female_stroke": [0.6848394, 0.0327248, -0.0957615, -0.07474, 0.3237856, 0.4441471, 0.3636951, 0, 0, 0.3629529, 0.0603154, 0.225342, -0.0885632, -0.0161592, 0.0727068, -0.0389022, 0.0141743, -0.1121459, -0.2089706, -0.0703397, 0, -0.1605001, 0.1064527, 0.2095741, 0.140274, 0.1285363, -0.0243528, 0.089734, 0.135479, -0.0158448, -4.800802],
    "male_stroke": [0.7182761, 0.0008864, -0.0220683, -0.2719759, 0.319957, 0.2728292, 0.3426763, 0, 0, 0.2907134, 0.0186548, 0.240036, -0.1218938, 0.0042588, 0.1412729, 0.0275883, -0.0079987, -0.1121897, -0.1446989, -0.0580327, 0, -0.1820914, 0.0797728, 0.3204988, 0.1892707, 0.1404936, 0.0536898, 0.0868309, 0.1187536, -0.060318, -4.683048]
  },
  "full_30yr": {
    "female_total_cvd": [0.5073749, -0.0981751, 0.0162303, -0.1617147, -0.1111241, 0.282946, 0.4004069, 0.2918701, 0, 0, 0.1017102, 0.0622643, 0.2872416, -0.0768135, -0.0557282, 0.0917585, -0.0679131, 0.029076, -0.0907755, -0.2702118, -0.1373216, 0, -0.1255864, 0.1067741, 0.1853138, 0.1567115, 0.1028065, -0.0006181, 0.0925285, 0.0975598, 0.0101713, -1.748475],
    "male_total_cvd": [0.4427595, -0.1064108, 0.0629381, -0.1015427, -0.2542326, 0.2549679, 0.333835, 0.1873833, 0, 0, 0.0246102, 0.0552014, 0.1979729, -0.0407714, -0.0365522, 0.1232822, -0.0441334, 0.0177865, -0.1046657, -0.2116113, -0.1277905, 0, -0.0955922, 0.0256704, 0.1887637, 0.089241, 0.0894596, 0.0710124, 0.0676202, 0.063409, 0.0038783, -1.504558],
    "female_ascvd": [0.4386739, -0.0921956, 0.0977728, -0.1453525, 0.0590925, 0.2862862, 0.3669136, 0.2354695, 0, 0, 0.0354338, 0.0573093, 0.1840085, 0.0117504, -0.0331945, 0.0664311, -0.0492826, 0.0288888, -0.0964709, -0.2279648, -0.120405, 0, -0.1157635, 0.1107632, 0.1840367, 0.1308962, 0.0810739, -0.0147785, 0.0794709, 0.1002615, 0.017301, -2.314066],
    "male_ascvd": [0.3743566, -0.0995499, 0.1544808, -0.1215297, -0.1083968, 0.2555179, 0.2696998, 0.1628432, 0, 0, -0.077507, 0.0583407, 0.1120322, -0.0025063, -0.0256116, 0.0886745, -0.0254507, 0.0244639, -0.0869146, -0.165745, -0.1244714, 0, -0.0624552, 0.015675, 0.1864231, 0.0845697, 0.0560171, 0.0252244, 0.0501422, 0.0722905, 0.0114945, -1.985368],
    "female_heart_failure": [0.5927507, -0.1028754, 0, 0, -0.3593781, 0.2628556, 0.5113472, 0.347344, 0.0564656, 0.2363857, 0.1971295, 0.0735227, 0.3219386, 0, -0.0880321, 0, 0, 0, -0.0863132, -0.3425359, -0.181405, 0.0031285, -0.1356989, 0.0847634, 0.18397, 0.1485802, 0.1273306, 0.0167008, 0.1378342, 0.1138832, 0.0138979, -2.642208],
    "male_heart_failure": [0.5478829, -0.1111928, 0, 0, -0.4547346, 0.2527602, 0.4385384, 0.2397952, 0.0640931, 0.2643081, 0.1354588, 0.0570689, 0.220666, 0, -0.0436769, 0, 0, 0, -0.1168376, -0.2730055, -0.1573691, -0.0174998, -0.1128676, 0.057746, 0.2446441, 0.1076782, 0.1233486, 0.1274796, 0.0985062, 0.0804844, 0.0022806, -2.425439],
    "female_chd": [0.47488, -0.0950733, 0.1472475, -0.1993519, 0.085684, 0.2781393, 0.3939798, 0.2832155, 0, 0, 0.0585928, 0.0452655, 0.1634427, 0.0242915, -0.0836302, 0.0714966, -0.0586624, 0.0469044, -0.0777709, -0.2216709, -0.1092446, 0, -0.0992136, 0.1325148, 0.1837377, 0.1285162, 0.0827556, 0.0116095, 0.1200107, 0.1162423, 0.0378343, -3.099189],
    "male_chd": [0.3858298, -0.0994131, 0.2479637, -0.1913328, -0.1837089, 0.2417551, 0.3599971, 0.1581048, 0, 0, -0.0707959, 0.054403, 0.0539143, 0.0214637, -0.0603516, 0.0616356, -0.0517511, 0.0506964, -0.0754965, -0.1773555, -0.1355626, 0, -0.007771, 0.0213662, 0.1468633, 0.0369637, 0.0548478, 0.0362993, 0.0656365, 0.0621508, 0.0457156, -2.643083],
    "female_stroke": [0.4203891, -0.0903905, 0.0383085, -0.0989622, 0.0088016, 0.2940083, 0.323036, 0.1925302, 0, 0, 0.0206737, 0.0672637, 0.1935897, -0.0118966, -0.0056774, 0.0598872, -0.0343871, 0.013539, -0.1102987, -0.2305906, -0.1298535, 0, -0.1172069, 0.0734163, 0.1614884, 0.1096146, 0.0726809, -0.0463426, 0.0451134, 0.0924872, -0.0068354, -2.858449],
    "male_stroke": [0.3762751, -0.0974722, 0.005415, -0.0287694, -0.036424, 0.2733756, 0.1287781, 0.1683627, 0, 0, -0.0386502, 0.0596336, 0.1833799, -0.0188846, 0.0181289, 0.1258208, 0.0267826, -0.0116181, -0.1063796, -0.1519443, -0.1002027, 0, -0.1214285, 0.0329762, 0.2360916, 0.1347158, 0.0599546, 0.0124922, 0.0353323, 0.0804095, -0.0410015, -2.713952]
  }
}
